Species_name,Family,Common_name,Abbreviation,Previous_names
Banksia ericifolia,Proteaceae,heath banksia,BAER,
Boronia ledifolia,Rutaceae,Sydney boronia,BOLE,
Conospermum ericifolium,Proteaceae,coneseeds,COER,
Epacris microphylla,Ericaceae,coast coral heath,EPMI,
Grevillea buxifolia,Proteaceae,grey spider flower,GRBU,
Grevillea speciosa,Proteaceae,red spider flower,GRSP,
Hakea teretifolia,Proteaceae,needlebush; dagger hakea,HATE,
Hemigenia purpurea ,Lamiaceae,common hemigenia,HEPU,
Leucopogon esquamatus,Ericaceae,swamp beard heath,LEES,
Persoonia lanceolata,Proteaceae,lance-leaf geebung,PELA,
Petrophile pulchella,Proteaceae,common conesticks,PEPU,
Phyllota phylicoides,Fabaceae,heath phyllota,PHPH,
Pimelea linifolia,Thymelaeaceae,slender rice flower,PILI,
Pultenaea tuberculata,Fabaceae,wreath bush-pea,PUTU,Pultenaea elliptica
